benchmark,null_auc,null_family
origin_endpoint_annual_mean_share,0.5,exact_target_label_permutation
origin_endpoint_annual_mean_share,0.4,exact_target_label_permutation
origin_endpoint_annual_mean_share,0.55,exact_target_label_permutation
origin_endpoint_annual_mean_share,0.225,exact_target_label_permutation
origin_endpoint_annual_mean_share,0.225,exact_target_label_permutation
origin_endpoint_annual_mean_share,0.675,exact_target_label_permutation
origin_endpoint_annual_mean_share,0.825,exact_target_label_permutation
origin_endpoint_annual_mean_share,0.5,exact_target_label_permutation
origin_endpoint_annual_mean_share,0.5,exact_target_label_permutation
origin_endpoint_annual_mean_share,0.725,exact_target_label_permutation
origin_endpoint_annual_mean_share,0.4,exact_target_label_permutation
origin_endpoint_annual_mean_share,0.4,exact_target_label_permutation
origin_endpoint_annual_mean_share,0.55,exact_target_label_permutation
origin_endpoint_annual_mean_share,0.55,exact_target_label_permutation
origin_endpoint_annual_mean_share,0.225,exact_target_label_permutation
origin_endpoint_annual_mean_share,0.45,exact_target_label_permutation
origin_endpoint_annual_mean_share,0.6,exact_target_label_permutation
origin_endpoint_annual_mean_share,0.275,exact_target_label_permutation
origin_endpoint_annual_mean_share,0.275,exact_target_label_permutation
origin_endpoint_annual_mean_share,0.5,exact_target_label_permutation
origin_endpoint_annual_mean_share,0.175,exact_target_label_permutation
origin_endpoint_annual_mean_share,0.175,exact_target_label_permutation
origin_endpoint_annual_mean_share,0.325,exact_target_label_permutation
origin_endpoint_annual_mean_share,0.325,exact_target_label_permutation
origin_endpoint_annual_mean_share,0.0,exact_target_label_permutation
origin_endpoint_annual_mean_share,0.775,exact_target_label_permutation
origin_endpoint_annual_mean_share,0.45,exact_target_label_permutation
origin_endpoint_annual_mean_share,0.45,exact_target_label_permutation
origin_endpoint_annual_mean_share,0.6,exact_target_label_permutation
origin_endpoint_annual_mean_share,0.6,exact_target_label_permutation
origin_endpoint_annual_mean_share,0.275,exact_target_label_permutation
origin_endpoint_annual_mean_share,0.5,exact_target_label_permutation
origin_endpoint_annual_mean_share,0.5,exact_target_label_permutation
origin_endpoint_annual_mean_share,0.175,exact_target_label_permutation
origin_endpoint_annual_mean_share,0.325,exact_target_label_permutation
origin_endpoint_annual_mean_share,0.675,exact_target_label_permutation
origin_endpoint_annual_mean_share,0.825,exact_target_label_permutation
origin_endpoint_annual_mean_share,0.5,exact_target_label_permutation
origin_endpoint_annual_mean_share,0.5,exact_target_label_permutation
origin_endpoint_annual_mean_share,0.725,exact_target_label_permutation
origin_endpoint_annual_mean_share,0.4,exact_target_label_permutation
origin_endpoint_annual_mean_share,0.4,exact_target_label_permutation
origin_endpoint_annual_mean_share,0.55,exact_target_label_permutation
origin_endpoint_annual_mean_share,0.55,exact_target_label_permutation
origin_endpoint_annual_mean_share,0.225,exact_target_label_permutation
origin_endpoint_annual_mean_share,1.0,exact_target_label_permutation
origin_endpoint_annual_mean_share,0.675,exact_target_label_permutation
origin_endpoint_annual_mean_share,0.675,exact_target_label_permutation
origin_endpoint_annual_mean_share,0.825,exact_target_label_permutation
origin_endpoint_annual_mean_share,0.825,exact_target_label_permutation
origin_endpoint_annual_mean_share,0.5,exact_target_label_permutation
origin_endpoint_annual_mean_share,0.725,exact_target_label_permutation
origin_endpoint_annual_mean_share,0.725,exact_target_label_permutation
origin_endpoint_annual_mean_share,0.4,exact_target_label_permutation
origin_endpoint_annual_mean_share,0.55,exact_target_label_permutation
origin_endpoint_annual_mean_share,0.775,exact_target_label_permutation
origin_endpoint_annual_mean_share,0.45,exact_target_label_permutation
origin_endpoint_annual_mean_share,0.45,exact_target_label_permutation
origin_endpoint_annual_mean_share,0.6,exact_target_label_permutation
origin_endpoint_annual_mean_share,0.6,exact_target_label_permutation
origin_endpoint_annual_mean_share,0.275,exact_target_label_permutation
origin_endpoint_annual_mean_share,0.5,exact_target_label_permutation
origin_endpoint_annual_mean_share,0.5,exact_target_label_permutation
origin_endpoint_annual_mean_share,0.175,exact_target_label_permutation
origin_endpoint_annual_mean_share,0.325,exact_target_label_permutation
origin_endpoint_annual_mean_share,0.775,exact_target_label_permutation
origin_endpoint_annual_mean_share,0.775,exact_target_label_permutation
origin_endpoint_annual_mean_share,0.45,exact_target_label_permutation
origin_endpoint_annual_mean_share,0.6,exact_target_label_permutation
origin_endpoint_annual_mean_share,0.5,exact_target_label_permutation
origin_endpoint_annual_mean_share,0.55,exact_target_label_permutation
origin_endpoint_annual_mean_share,0.7,exact_target_label_permutation
origin_endpoint_annual_mean_share,0.375,exact_target_label_permutation
origin_endpoint_annual_mean_share,0.375,exact_target_label_permutation
origin_endpoint_annual_mean_share,0.6,exact_target_label_permutation
origin_endpoint_annual_mean_share,0.275,exact_target_label_permutation
origin_endpoint_annual_mean_share,0.275,exact_target_label_permutation
origin_endpoint_annual_mean_share,0.425,exact_target_label_permutation
origin_endpoint_annual_mean_share,0.425,exact_target_label_permutation
origin_endpoint_annual_mean_share,0.1,exact_target_label_permutation
origin_endpoint_annual_mean_share,0.875,exact_target_label_permutation
origin_endpoint_annual_mean_share,0.55,exact_target_label_permutation
origin_endpoint_annual_mean_share,0.55,exact_target_label_permutation
origin_endpoint_annual_mean_share,0.7,exact_target_label_permutation
origin_endpoint_annual_mean_share,0.7,exact_target_label_permutation
origin_endpoint_annual_mean_share,0.375,exact_target_label_permutation
origin_endpoint_annual_mean_share,0.6,exact_target_label_permutation
origin_endpoint_annual_mean_share,0.6,exact_target_label_permutation
origin_endpoint_annual_mean_share,0.275,exact_target_label_permutation
origin_endpoint_annual_mean_share,0.425,exact_target_label_permutation
origin_endpoint_annual_mean_share,0.65,exact_target_label_permutation
origin_endpoint_annual_mean_share,0.325,exact_target_label_permutation
origin_endpoint_annual_mean_share,0.325,exact_target_label_permutation
origin_endpoint_annual_mean_share,0.475,exact_target_label_permutation
origin_endpoint_annual_mean_share,0.475,exact_target_label_permutation
origin_endpoint_annual_mean_share,0.15,exact_target_label_permutation
origin_endpoint_annual_mean_share,0.375,exact_target_label_permutation
origin_endpoint_annual_mean_share,0.375,exact_target_label_permutation
origin_endpoint_annual_mean_share,0.05,exact_target_label_permutation
origin_endpoint_annual_mean_share,0.2,exact_target_label_permutation
origin_endpoint_annual_mean_share,0.65,exact_target_label_permutation
origin_endpoint_annual_mean_share,0.65,exact_target_label_permutation
origin_endpoint_annual_mean_share,0.325,exact_target_label_permutation
origin_endpoint_annual_mean_share,0.475,exact_target_label_permutation
origin_endpoint_annual_mean_share,0.375,exact_target_label_permutation
origin_endpoint_annual_mean_share,0.875,exact_target_label_permutation
origin_endpoint_annual_mean_share,0.55,exact_target_label_permutation
origin_endpoint_annual_mean_share,0.55,exact_target_label_permutation
origin_endpoint_annual_mean_share,0.7,exact_target_label_permutation
origin_endpoint_annual_mean_share,0.7,exact_target_label_permutation
origin_endpoint_annual_mean_share,0.375,exact_target_label_permutation
origin_endpoint_annual_mean_share,0.6,exact_target_label_permutation
origin_endpoint_annual_mean_share,0.6,exact_target_label_permutation
origin_endpoint_annual_mean_share,0.275,exact_target_label_permutation
origin_endpoint_annual_mean_share,0.425,exact_target_label_permutation
origin_endpoint_annual_mean_share,0.875,exact_target_label_permutation
origin_endpoint_annual_mean_share,0.875,exact_target_label_permutation
origin_endpoint_annual_mean_share,0.55,exact_target_label_permutation
origin_endpoint_annual_mean_share,0.7,exact_target_label_permutation
origin_endpoint_annual_mean_share,0.6,exact_target_label_permutation
origin_endpoint_annual_mean_share,0.65,exact_target_label_permutation
origin_endpoint_annual_mean_share,0.65,exact_target_label_permutation
origin_endpoint_annual_mean_share,0.325,exact_target_label_permutation
origin_endpoint_annual_mean_share,0.475,exact_target_label_permutation
origin_endpoint_annual_mean_share,0.375,exact_target_label_permutation
origin_endpoint_annual_mean_share,0.65,exact_target_label_permutation
origin_endpoint_max_share,0.45,exact_target_label_permutation
origin_endpoint_max_share,0.5,exact_target_label_permutation
origin_endpoint_max_share,0.6,exact_target_label_permutation
origin_endpoint_max_share,0.275,exact_target_label_permutation
origin_endpoint_max_share,0.275,exact_target_label_permutation
origin_endpoint_max_share,0.675,exact_target_label_permutation
origin_endpoint_max_share,0.775,exact_target_label_permutation
origin_endpoint_max_share,0.45,exact_target_label_permutation
origin_endpoint_max_share,0.45,exact_target_label_permutation
origin_endpoint_max_share,0.825,exact_target_label_permutation
origin_endpoint_max_share,0.5,exact_target_label_permutation
origin_endpoint_max_share,0.5,exact_target_label_permutation
origin_endpoint_max_share,0.6,exact_target_label_permutation
origin_endpoint_max_share,0.6,exact_target_label_permutation
origin_endpoint_max_share,0.275,exact_target_label_permutation
origin_endpoint_max_share,0.4,exact_target_label_permutation
origin_endpoint_max_share,0.5,exact_target_label_permutation
origin_endpoint_max_share,0.175,exact_target_label_permutation
origin_endpoint_max_share,0.175,exact_target_label_permutation
origin_endpoint_max_share,0.55,exact_target_label_permutation
origin_endpoint_max_share,0.225,exact_target_label_permutation
origin_endpoint_max_share,0.225,exact_target_label_permutation
origin_endpoint_max_share,0.325,exact_target_label_permutation
origin_endpoint_max_share,0.325,exact_target_label_permutation
origin_endpoint_max_share,0.0,exact_target_label_permutation
origin_endpoint_max_share,0.725,exact_target_label_permutation
origin_endpoint_max_share,0.4,exact_target_label_permutation
origin_endpoint_max_share,0.4,exact_target_label_permutation
origin_endpoint_max_share,0.5,exact_target_label_permutation
origin_endpoint_max_share,0.5,exact_target_label_permutation
origin_endpoint_max_share,0.175,exact_target_label_permutation
origin_endpoint_max_share,0.55,exact_target_label_permutation
origin_endpoint_max_share,0.55,exact_target_label_permutation
origin_endpoint_max_share,0.225,exact_target_label_permutation
origin_endpoint_max_share,0.325,exact_target_label_permutation
origin_endpoint_max_share,0.675,exact_target_label_permutation
origin_endpoint_max_share,0.775,exact_target_label_permutation
origin_endpoint_max_share,0.45,exact_target_label_permutation
origin_endpoint_max_share,0.45,exact_target_label_permutation
origin_endpoint_max_share,0.825,exact_target_label_permutation
origin_endpoint_max_share,0.5,exact_target_label_permutation
origin_endpoint_max_share,0.5,exact_target_label_permutation
origin_endpoint_max_share,0.6,exact_target_label_permutation
origin_endpoint_max_share,0.6,exact_target_label_permutation
origin_endpoint_max_share,0.275,exact_target_label_permutation
origin_endpoint_max_share,1.0,exact_target_label_permutation
origin_endpoint_max_share,0.675,exact_target_label_permutation
origin_endpoint_max_share,0.675,exact_target_label_permutation
origin_endpoint_max_share,0.775,exact_target_label_permutation
origin_endpoint_max_share,0.775,exact_target_label_permutation
origin_endpoint_max_share,0.45,exact_target_label_permutation
origin_endpoint_max_share,0.825,exact_target_label_permutation
origin_endpoint_max_share,0.825,exact_target_label_permutation
origin_endpoint_max_share,0.5,exact_target_label_permutation
origin_endpoint_max_share,0.6,exact_target_label_permutation
origin_endpoint_max_share,0.725,exact_target_label_permutation
origin_endpoint_max_share,0.4,exact_target_label_permutation
origin_endpoint_max_share,0.4,exact_target_label_permutation
origin_endpoint_max_share,0.5,exact_target_label_permutation
origin_endpoint_max_share,0.5,exact_target_label_permutation
origin_endpoint_max_share,0.175,exact_target_label_permutation
origin_endpoint_max_share,0.55,exact_target_label_permutation
origin_endpoint_max_share,0.55,exact_target_label_permutation
origin_endpoint_max_share,0.225,exact_target_label_permutation
origin_endpoint_max_share,0.325,exact_target_label_permutation
origin_endpoint_max_share,0.725,exact_target_label_permutation
origin_endpoint_max_share,0.725,exact_target_label_permutation
origin_endpoint_max_share,0.4,exact_target_label_permutation
origin_endpoint_max_share,0.5,exact_target_label_permutation
origin_endpoint_max_share,0.55,exact_target_label_permutation
origin_endpoint_max_share,0.55,exact_target_label_permutation
origin_endpoint_max_share,0.65,exact_target_label_permutation
origin_endpoint_max_share,0.325,exact_target_label_permutation
origin_endpoint_max_share,0.325,exact_target_label_permutation
origin_endpoint_max_share,0.7,exact_target_label_permutation
origin_endpoint_max_share,0.375,exact_target_label_permutation
origin_endpoint_max_share,0.375,exact_target_label_permutation
origin_endpoint_max_share,0.475,exact_target_label_permutation
origin_endpoint_max_share,0.475,exact_target_label_permutation
origin_endpoint_max_share,0.15,exact_target_label_permutation
origin_endpoint_max_share,0.875,exact_target_label_permutation
origin_endpoint_max_share,0.55,exact_target_label_permutation
origin_endpoint_max_share,0.55,exact_target_label_permutation
origin_endpoint_max_share,0.65,exact_target_label_permutation
origin_endpoint_max_share,0.65,exact_target_label_permutation
origin_endpoint_max_share,0.325,exact_target_label_permutation
origin_endpoint_max_share,0.7,exact_target_label_permutation
origin_endpoint_max_share,0.7,exact_target_label_permutation
origin_endpoint_max_share,0.375,exact_target_label_permutation
origin_endpoint_max_share,0.475,exact_target_label_permutation
origin_endpoint_max_share,0.6,exact_target_label_permutation
origin_endpoint_max_share,0.275,exact_target_label_permutation
origin_endpoint_max_share,0.275,exact_target_label_permutation
origin_endpoint_max_share,0.375,exact_target_label_permutation
origin_endpoint_max_share,0.375,exact_target_label_permutation
origin_endpoint_max_share,0.05,exact_target_label_permutation
origin_endpoint_max_share,0.425,exact_target_label_permutation
origin_endpoint_max_share,0.425,exact_target_label_permutation
origin_endpoint_max_share,0.1,exact_target_label_permutation
origin_endpoint_max_share,0.2,exact_target_label_permutation
origin_endpoint_max_share,0.6,exact_target_label_permutation
origin_endpoint_max_share,0.6,exact_target_label_permutation
origin_endpoint_max_share,0.275,exact_target_label_permutation
origin_endpoint_max_share,0.375,exact_target_label_permutation
origin_endpoint_max_share,0.425,exact_target_label_permutation
origin_endpoint_max_share,0.875,exact_target_label_permutation
origin_endpoint_max_share,0.55,exact_target_label_permutation
origin_endpoint_max_share,0.55,exact_target_label_permutation
origin_endpoint_max_share,0.65,exact_target_label_permutation
origin_endpoint_max_share,0.65,exact_target_label_permutation
origin_endpoint_max_share,0.325,exact_target_label_permutation
origin_endpoint_max_share,0.7,exact_target_label_permutation
origin_endpoint_max_share,0.7,exact_target_label_permutation
origin_endpoint_max_share,0.375,exact_target_label_permutation
origin_endpoint_max_share,0.475,exact_target_label_permutation
origin_endpoint_max_share,0.875,exact_target_label_permutation
origin_endpoint_max_share,0.875,exact_target_label_permutation
origin_endpoint_max_share,0.55,exact_target_label_permutation
origin_endpoint_max_share,0.65,exact_target_label_permutation
origin_endpoint_max_share,0.7,exact_target_label_permutation
origin_endpoint_max_share,0.6,exact_target_label_permutation
origin_endpoint_max_share,0.6,exact_target_label_permutation
origin_endpoint_max_share,0.275,exact_target_label_permutation
origin_endpoint_max_share,0.375,exact_target_label_permutation
origin_endpoint_max_share,0.425,exact_target_label_permutation
origin_endpoint_max_share,0.6,exact_target_label_permutation
origin_endpoint_months_positive,0.55,exact_target_label_permutation
origin_endpoint_months_positive,0.55,exact_target_label_permutation
origin_endpoint_months_positive,0.55,exact_target_label_permutation
origin_endpoint_months_positive,0.325,exact_target_label_permutation
origin_endpoint_months_positive,0.325,exact_target_label_permutation
origin_endpoint_months_positive,0.775,exact_target_label_permutation
origin_endpoint_months_positive,0.775,exact_target_label_permutation
origin_endpoint_months_positive,0.55,exact_target_label_permutation
origin_endpoint_months_positive,0.55,exact_target_label_permutation
origin_endpoint_months_positive,0.775,exact_target_label_permutation
origin_endpoint_months_positive,0.55,exact_target_label_permutation
origin_endpoint_months_positive,0.55,exact_target_label_permutation
origin_endpoint_months_positive,0.55,exact_target_label_permutation
origin_endpoint_months_positive,0.55,exact_target_label_permutation
origin_endpoint_months_positive,0.325,exact_target_label_permutation
origin_endpoint_months_positive,0.55,exact_target_label_permutation
origin_endpoint_months_positive,0.55,exact_target_label_permutation
origin_endpoint_months_positive,0.325,exact_target_label_permutation
origin_endpoint_months_positive,0.325,exact_target_label_permutation
origin_endpoint_months_positive,0.55,exact_target_label_permutation
origin_endpoint_months_positive,0.325,exact_target_label_permutation
origin_endpoint_months_positive,0.325,exact_target_label_permutation
origin_endpoint_months_positive,0.325,exact_target_label_permutation
origin_endpoint_months_positive,0.325,exact_target_label_permutation
origin_endpoint_months_positive,0.1,exact_target_label_permutation
origin_endpoint_months_positive,0.775,exact_target_label_permutation
origin_endpoint_months_positive,0.55,exact_target_label_permutation
origin_endpoint_months_positive,0.55,exact_target_label_permutation
origin_endpoint_months_positive,0.55,exact_target_label_permutation
origin_endpoint_months_positive,0.55,exact_target_label_permutation
origin_endpoint_months_positive,0.325,exact_target_label_permutation
origin_endpoint_months_positive,0.55,exact_target_label_permutation
origin_endpoint_months_positive,0.55,exact_target_label_permutation
origin_endpoint_months_positive,0.325,exact_target_label_permutation
origin_endpoint_months_positive,0.325,exact_target_label_permutation
origin_endpoint_months_positive,0.775,exact_target_label_permutation
origin_endpoint_months_positive,0.775,exact_target_label_permutation
origin_endpoint_months_positive,0.55,exact_target_label_permutation
origin_endpoint_months_positive,0.55,exact_target_label_permutation
origin_endpoint_months_positive,0.775,exact_target_label_permutation
origin_endpoint_months_positive,0.55,exact_target_label_permutation
origin_endpoint_months_positive,0.55,exact_target_label_permutation
origin_endpoint_months_positive,0.55,exact_target_label_permutation
origin_endpoint_months_positive,0.55,exact_target_label_permutation
origin_endpoint_months_positive,0.325,exact_target_label_permutation
origin_endpoint_months_positive,1.0,exact_target_label_permutation
origin_endpoint_months_positive,0.775,exact_target_label_permutation
origin_endpoint_months_positive,0.775,exact_target_label_permutation
origin_endpoint_months_positive,0.775,exact_target_label_permutation
origin_endpoint_months_positive,0.775,exact_target_label_permutation
origin_endpoint_months_positive,0.55,exact_target_label_permutation
origin_endpoint_months_positive,0.775,exact_target_label_permutation
origin_endpoint_months_positive,0.775,exact_target_label_permutation
origin_endpoint_months_positive,0.55,exact_target_label_permutation
origin_endpoint_months_positive,0.55,exact_target_label_permutation
origin_endpoint_months_positive,0.775,exact_target_label_permutation
origin_endpoint_months_positive,0.55,exact_target_label_permutation
origin_endpoint_months_positive,0.55,exact_target_label_permutation
origin_endpoint_months_positive,0.55,exact_target_label_permutation
origin_endpoint_months_positive,0.55,exact_target_label_permutation
origin_endpoint_months_positive,0.325,exact_target_label_permutation
origin_endpoint_months_positive,0.55,exact_target_label_permutation
origin_endpoint_months_positive,0.55,exact_target_label_permutation
origin_endpoint_months_positive,0.325,exact_target_label_permutation
origin_endpoint_months_positive,0.325,exact_target_label_permutation
origin_endpoint_months_positive,0.775,exact_target_label_permutation
origin_endpoint_months_positive,0.775,exact_target_label_permutation
origin_endpoint_months_positive,0.55,exact_target_label_permutation
origin_endpoint_months_positive,0.55,exact_target_label_permutation
origin_endpoint_months_positive,0.55,exact_target_label_permutation
origin_endpoint_months_positive,0.55,exact_target_label_permutation
origin_endpoint_months_positive,0.55,exact_target_label_permutation
origin_endpoint_months_positive,0.325,exact_target_label_permutation
origin_endpoint_months_positive,0.325,exact_target_label_permutation
origin_endpoint_months_positive,0.55,exact_target_label_permutation
origin_endpoint_months_positive,0.325,exact_target_label_permutation
origin_endpoint_months_positive,0.325,exact_target_label_permutation
origin_endpoint_months_positive,0.325,exact_target_label_permutation
origin_endpoint_months_positive,0.325,exact_target_label_permutation
origin_endpoint_months_positive,0.1,exact_target_label_permutation
origin_endpoint_months_positive,0.775,exact_target_label_permutation
origin_endpoint_months_positive,0.55,exact_target_label_permutation
origin_endpoint_months_positive,0.55,exact_target_label_permutation
origin_endpoint_months_positive,0.55,exact_target_label_permutation
origin_endpoint_months_positive,0.55,exact_target_label_permutation
origin_endpoint_months_positive,0.325,exact_target_label_permutation
origin_endpoint_months_positive,0.55,exact_target_label_permutation
origin_endpoint_months_positive,0.55,exact_target_label_permutation
origin_endpoint_months_positive,0.325,exact_target_label_permutation
origin_endpoint_months_positive,0.325,exact_target_label_permutation
origin_endpoint_months_positive,0.55,exact_target_label_permutation
origin_endpoint_months_positive,0.325,exact_target_label_permutation
origin_endpoint_months_positive,0.325,exact_target_label_permutation
origin_endpoint_months_positive,0.325,exact_target_label_permutation
origin_endpoint_months_positive,0.325,exact_target_label_permutation
origin_endpoint_months_positive,0.1,exact_target_label_permutation
origin_endpoint_months_positive,0.325,exact_target_label_permutation
origin_endpoint_months_positive,0.325,exact_target_label_permutation
origin_endpoint_months_positive,0.1,exact_target_label_permutation
origin_endpoint_months_positive,0.1,exact_target_label_permutation
origin_endpoint_months_positive,0.55,exact_target_label_permutation
origin_endpoint_months_positive,0.55,exact_target_label_permutation
origin_endpoint_months_positive,0.325,exact_target_label_permutation
origin_endpoint_months_positive,0.325,exact_target_label_permutation
origin_endpoint_months_positive,0.325,exact_target_label_permutation
origin_endpoint_months_positive,0.775,exact_target_label_permutation
origin_endpoint_months_positive,0.55,exact_target_label_permutation
origin_endpoint_months_positive,0.55,exact_target_label_permutation
origin_endpoint_months_positive,0.55,exact_target_label_permutation
origin_endpoint_months_positive,0.55,exact_target_label_permutation
origin_endpoint_months_positive,0.325,exact_target_label_permutation
origin_endpoint_months_positive,0.55,exact_target_label_permutation
origin_endpoint_months_positive,0.55,exact_target_label_permutation
origin_endpoint_months_positive,0.325,exact_target_label_permutation
origin_endpoint_months_positive,0.325,exact_target_label_permutation
origin_endpoint_months_positive,0.775,exact_target_label_permutation
origin_endpoint_months_positive,0.775,exact_target_label_permutation
origin_endpoint_months_positive,0.55,exact_target_label_permutation
origin_endpoint_months_positive,0.55,exact_target_label_permutation
origin_endpoint_months_positive,0.55,exact_target_label_permutation
origin_endpoint_months_positive,0.55,exact_target_label_permutation
origin_endpoint_months_positive,0.55,exact_target_label_permutation
origin_endpoint_months_positive,0.325,exact_target_label_permutation
origin_endpoint_months_positive,0.325,exact_target_label_permutation
origin_endpoint_months_positive,0.325,exact_target_label_permutation
origin_endpoint_months_positive,0.55,exact_target_label_permutation
aggregate_stock_mean_abs_pct_change,0.6,exact_target_label_permutation
aggregate_stock_mean_abs_pct_change,0.4,exact_target_label_permutation
aggregate_stock_mean_abs_pct_change,0.5,exact_target_label_permutation
aggregate_stock_mean_abs_pct_change,0.25,exact_target_label_permutation
aggregate_stock_mean_abs_pct_change,0.35,exact_target_label_permutation
aggregate_stock_mean_abs_pct_change,0.55,exact_target_label_permutation
aggregate_stock_mean_abs_pct_change,0.65,exact_target_label_permutation
aggregate_stock_mean_abs_pct_change,0.4,exact_target_label_permutation
aggregate_stock_mean_abs_pct_change,0.5,exact_target_label_permutation
aggregate_stock_mean_abs_pct_change,0.45,exact_target_label_permutation
aggregate_stock_mean_abs_pct_change,0.2,exact_target_label_permutation
aggregate_stock_mean_abs_pct_change,0.3,exact_target_label_permutation
aggregate_stock_mean_abs_pct_change,0.3,exact_target_label_permutation
aggregate_stock_mean_abs_pct_change,0.4,exact_target_label_permutation
aggregate_stock_mean_abs_pct_change,0.15,exact_target_label_permutation
aggregate_stock_mean_abs_pct_change,0.45,exact_target_label_permutation
aggregate_stock_mean_abs_pct_change,0.55,exact_target_label_permutation
aggregate_stock_mean_abs_pct_change,0.3,exact_target_label_permutation
aggregate_stock_mean_abs_pct_change,0.4,exact_target_label_permutation
aggregate_stock_mean_abs_pct_change,0.35,exact_target_label_permutation
aggregate_stock_mean_abs_pct_change,0.1,exact_target_label_permutation
aggregate_stock_mean_abs_pct_change,0.2,exact_target_label_permutation
aggregate_stock_mean_abs_pct_change,0.2,exact_target_label_permutation
aggregate_stock_mean_abs_pct_change,0.3,exact_target_label_permutation
aggregate_stock_mean_abs_pct_change,0.05,exact_target_label_permutation
aggregate_stock_mean_abs_pct_change,0.5,exact_target_label_permutation
aggregate_stock_mean_abs_pct_change,0.25,exact_target_label_permutation
aggregate_stock_mean_abs_pct_change,0.35,exact_target_label_permutation
aggregate_stock_mean_abs_pct_change,0.35,exact_target_label_permutation
aggregate_stock_mean_abs_pct_change,0.45,exact_target_label_permutation
aggregate_stock_mean_abs_pct_change,0.2,exact_target_label_permutation
aggregate_stock_mean_abs_pct_change,0.15,exact_target_label_permutation
aggregate_stock_mean_abs_pct_change,0.25,exact_target_label_permutation
aggregate_stock_mean_abs_pct_change,0.0,exact_target_label_permutation
aggregate_stock_mean_abs_pct_change,0.1,exact_target_label_permutation
aggregate_stock_mean_abs_pct_change,0.7,exact_target_label_permutation
aggregate_stock_mean_abs_pct_change,0.8,exact_target_label_permutation
aggregate_stock_mean_abs_pct_change,0.55,exact_target_label_permutation
aggregate_stock_mean_abs_pct_change,0.65,exact_target_label_permutation
aggregate_stock_mean_abs_pct_change,0.6,exact_target_label_permutation
aggregate_stock_mean_abs_pct_change,0.35,exact_target_label_permutation
aggregate_stock_mean_abs_pct_change,0.45,exact_target_label_permutation
aggregate_stock_mean_abs_pct_change,0.45,exact_target_label_permutation
aggregate_stock_mean_abs_pct_change,0.55,exact_target_label_permutation
aggregate_stock_mean_abs_pct_change,0.3,exact_target_label_permutation
aggregate_stock_mean_abs_pct_change,0.75,exact_target_label_permutation
aggregate_stock_mean_abs_pct_change,0.5,exact_target_label_permutation
aggregate_stock_mean_abs_pct_change,0.6,exact_target_label_permutation
aggregate_stock_mean_abs_pct_change,0.6,exact_target_label_permutation
aggregate_stock_mean_abs_pct_change,0.7,exact_target_label_permutation
aggregate_stock_mean_abs_pct_change,0.45,exact_target_label_permutation
aggregate_stock_mean_abs_pct_change,0.4,exact_target_label_permutation
aggregate_stock_mean_abs_pct_change,0.5,exact_target_label_permutation
aggregate_stock_mean_abs_pct_change,0.25,exact_target_label_permutation
aggregate_stock_mean_abs_pct_change,0.35,exact_target_label_permutation
aggregate_stock_mean_abs_pct_change,0.65,exact_target_label_permutation
aggregate_stock_mean_abs_pct_change,0.4,exact_target_label_permutation
aggregate_stock_mean_abs_pct_change,0.5,exact_target_label_permutation
aggregate_stock_mean_abs_pct_change,0.5,exact_target_label_permutation
aggregate_stock_mean_abs_pct_change,0.6,exact_target_label_permutation
aggregate_stock_mean_abs_pct_change,0.35,exact_target_label_permutation
aggregate_stock_mean_abs_pct_change,0.3,exact_target_label_permutation
aggregate_stock_mean_abs_pct_change,0.4,exact_target_label_permutation
aggregate_stock_mean_abs_pct_change,0.15,exact_target_label_permutation
aggregate_stock_mean_abs_pct_change,0.25,exact_target_label_permutation
aggregate_stock_mean_abs_pct_change,0.45,exact_target_label_permutation
aggregate_stock_mean_abs_pct_change,0.55,exact_target_label_permutation
aggregate_stock_mean_abs_pct_change,0.3,exact_target_label_permutation
aggregate_stock_mean_abs_pct_change,0.4,exact_target_label_permutation
aggregate_stock_mean_abs_pct_change,0.2,exact_target_label_permutation
aggregate_stock_mean_abs_pct_change,0.8,exact_target_label_permutation
aggregate_stock_mean_abs_pct_change,0.9,exact_target_label_permutation
aggregate_stock_mean_abs_pct_change,0.65,exact_target_label_permutation
aggregate_stock_mean_abs_pct_change,0.75,exact_target_label_permutation
aggregate_stock_mean_abs_pct_change,0.7,exact_target_label_permutation
aggregate_stock_mean_abs_pct_change,0.45,exact_target_label_permutation
aggregate_stock_mean_abs_pct_change,0.55,exact_target_label_permutation
aggregate_stock_mean_abs_pct_change,0.55,exact_target_label_permutation
aggregate_stock_mean_abs_pct_change,0.65,exact_target_label_permutation
aggregate_stock_mean_abs_pct_change,0.4,exact_target_label_permutation
aggregate_stock_mean_abs_pct_change,0.85,exact_target_label_permutation
aggregate_stock_mean_abs_pct_change,0.6,exact_target_label_permutation
aggregate_stock_mean_abs_pct_change,0.7,exact_target_label_permutation
aggregate_stock_mean_abs_pct_change,0.7,exact_target_label_permutation
aggregate_stock_mean_abs_pct_change,0.8,exact_target_label_permutation
aggregate_stock_mean_abs_pct_change,0.55,exact_target_label_permutation
aggregate_stock_mean_abs_pct_change,0.5,exact_target_label_permutation
aggregate_stock_mean_abs_pct_change,0.6,exact_target_label_permutation
aggregate_stock_mean_abs_pct_change,0.35,exact_target_label_permutation
aggregate_stock_mean_abs_pct_change,0.45,exact_target_label_permutation
aggregate_stock_mean_abs_pct_change,0.75,exact_target_label_permutation
aggregate_stock_mean_abs_pct_change,0.5,exact_target_label_permutation
aggregate_stock_mean_abs_pct_change,0.6,exact_target_label_permutation
aggregate_stock_mean_abs_pct_change,0.6,exact_target_label_permutation
aggregate_stock_mean_abs_pct_change,0.7,exact_target_label_permutation
aggregate_stock_mean_abs_pct_change,0.45,exact_target_label_permutation
aggregate_stock_mean_abs_pct_change,0.4,exact_target_label_permutation
aggregate_stock_mean_abs_pct_change,0.5,exact_target_label_permutation
aggregate_stock_mean_abs_pct_change,0.25,exact_target_label_permutation
aggregate_stock_mean_abs_pct_change,0.35,exact_target_label_permutation
aggregate_stock_mean_abs_pct_change,0.55,exact_target_label_permutation
aggregate_stock_mean_abs_pct_change,0.65,exact_target_label_permutation
aggregate_stock_mean_abs_pct_change,0.4,exact_target_label_permutation
aggregate_stock_mean_abs_pct_change,0.5,exact_target_label_permutation
aggregate_stock_mean_abs_pct_change,0.3,exact_target_label_permutation
aggregate_stock_mean_abs_pct_change,1.0,exact_target_label_permutation
aggregate_stock_mean_abs_pct_change,0.75,exact_target_label_permutation
aggregate_stock_mean_abs_pct_change,0.85,exact_target_label_permutation
aggregate_stock_mean_abs_pct_change,0.85,exact_target_label_permutation
aggregate_stock_mean_abs_pct_change,0.95,exact_target_label_permutation
aggregate_stock_mean_abs_pct_change,0.7,exact_target_label_permutation
aggregate_stock_mean_abs_pct_change,0.65,exact_target_label_permutation
aggregate_stock_mean_abs_pct_change,0.75,exact_target_label_permutation
aggregate_stock_mean_abs_pct_change,0.5,exact_target_label_permutation
aggregate_stock_mean_abs_pct_change,0.6,exact_target_label_permutation
aggregate_stock_mean_abs_pct_change,0.8,exact_target_label_permutation
aggregate_stock_mean_abs_pct_change,0.9,exact_target_label_permutation
aggregate_stock_mean_abs_pct_change,0.65,exact_target_label_permutation
aggregate_stock_mean_abs_pct_change,0.75,exact_target_label_permutation
aggregate_stock_mean_abs_pct_change,0.55,exact_target_label_permutation
aggregate_stock_mean_abs_pct_change,0.7,exact_target_label_permutation
aggregate_stock_mean_abs_pct_change,0.8,exact_target_label_permutation
aggregate_stock_mean_abs_pct_change,0.55,exact_target_label_permutation
aggregate_stock_mean_abs_pct_change,0.65,exact_target_label_permutation
aggregate_stock_mean_abs_pct_change,0.45,exact_target_label_permutation
aggregate_stock_mean_abs_pct_change,0.6,exact_target_label_permutation
aggregate_stock_max_abs_pct_change,0.6,exact_target_label_permutation
aggregate_stock_max_abs_pct_change,0.35,exact_target_label_permutation
aggregate_stock_max_abs_pct_change,0.65,exact_target_label_permutation
aggregate_stock_max_abs_pct_change,0.3,exact_target_label_permutation
aggregate_stock_max_abs_pct_change,0.4,exact_target_label_permutation
aggregate_stock_max_abs_pct_change,0.45,exact_target_label_permutation
aggregate_stock_max_abs_pct_change,0.75,exact_target_label_permutation
aggregate_stock_max_abs_pct_change,0.4,exact_target_label_permutation
aggregate_stock_max_abs_pct_change,0.5,exact_target_label_permutation
aggregate_stock_max_abs_pct_change,0.5,exact_target_label_permutation
aggregate_stock_max_abs_pct_change,0.15,exact_target_label_permutation
aggregate_stock_max_abs_pct_change,0.25,exact_target_label_permutation
aggregate_stock_max_abs_pct_change,0.45,exact_target_label_permutation
aggregate_stock_max_abs_pct_change,0.55,exact_target_label_permutation
aggregate_stock_max_abs_pct_change,0.2,exact_target_label_permutation
aggregate_stock_max_abs_pct_change,0.4,exact_target_label_permutation
aggregate_stock_max_abs_pct_change,0.7,exact_target_label_permutation
aggregate_stock_max_abs_pct_change,0.35,exact_target_label_permutation
aggregate_stock_max_abs_pct_change,0.45,exact_target_label_permutation
aggregate_stock_max_abs_pct_change,0.45,exact_target_label_permutation
aggregate_stock_max_abs_pct_change,0.1,exact_target_label_permutation
aggregate_stock_max_abs_pct_change,0.2,exact_target_label_permutation
aggregate_stock_max_abs_pct_change,0.4,exact_target_label_permutation
aggregate_stock_max_abs_pct_change,0.5,exact_target_label_permutation
aggregate_stock_max_abs_pct_change,0.15,exact_target_label_permutation
aggregate_stock_max_abs_pct_change,0.55,exact_target_label_permutation
aggregate_stock_max_abs_pct_change,0.2,exact_target_label_permutation
aggregate_stock_max_abs_pct_change,0.3,exact_target_label_permutation
aggregate_stock_max_abs_pct_change,0.5,exact_target_label_permutation
aggregate_stock_max_abs_pct_change,0.6,exact_target_label_permutation
aggregate_stock_max_abs_pct_change,0.25,exact_target_label_permutation
aggregate_stock_max_abs_pct_change,0.25,exact_target_label_permutation
aggregate_stock_max_abs_pct_change,0.35,exact_target_label_permutation
aggregate_stock_max_abs_pct_change,0.0,exact_target_label_permutation
aggregate_stock_max_abs_pct_change,0.3,exact_target_label_permutation
aggregate_stock_max_abs_pct_change,0.5,exact_target_label_permutation
aggregate_stock_max_abs_pct_change,0.8,exact_target_label_permutation
aggregate_stock_max_abs_pct_change,0.45,exact_target_label_permutation
aggregate_stock_max_abs_pct_change,0.55,exact_target_label_permutation
aggregate_stock_max_abs_pct_change,0.55,exact_target_label_permutation
aggregate_stock_max_abs_pct_change,0.2,exact_target_label_permutation
aggregate_stock_max_abs_pct_change,0.3,exact_target_label_permutation
aggregate_stock_max_abs_pct_change,0.5,exact_target_label_permutation
aggregate_stock_max_abs_pct_change,0.6,exact_target_label_permutation
aggregate_stock_max_abs_pct_change,0.25,exact_target_label_permutation
aggregate_stock_max_abs_pct_change,0.65,exact_target_label_permutation
aggregate_stock_max_abs_pct_change,0.3,exact_target_label_permutation
aggregate_stock_max_abs_pct_change,0.4,exact_target_label_permutation
aggregate_stock_max_abs_pct_change,0.6,exact_target_label_permutation
aggregate_stock_max_abs_pct_change,0.7,exact_target_label_permutation
aggregate_stock_max_abs_pct_change,0.35,exact_target_label_permutation
aggregate_stock_max_abs_pct_change,0.35,exact_target_label_permutation
aggregate_stock_max_abs_pct_change,0.45,exact_target_label_permutation
aggregate_stock_max_abs_pct_change,0.1,exact_target_label_permutation
aggregate_stock_max_abs_pct_change,0.4,exact_target_label_permutation
aggregate_stock_max_abs_pct_change,0.6,exact_target_label_permutation
aggregate_stock_max_abs_pct_change,0.25,exact_target_label_permutation
aggregate_stock_max_abs_pct_change,0.35,exact_target_label_permutation
aggregate_stock_max_abs_pct_change,0.55,exact_target_label_permutation
aggregate_stock_max_abs_pct_change,0.65,exact_target_label_permutation
aggregate_stock_max_abs_pct_change,0.3,exact_target_label_permutation
aggregate_stock_max_abs_pct_change,0.3,exact_target_label_permutation
aggregate_stock_max_abs_pct_change,0.4,exact_target_label_permutation
aggregate_stock_max_abs_pct_change,0.05,exact_target_label_permutation
aggregate_stock_max_abs_pct_change,0.35,exact_target_label_permutation
aggregate_stock_max_abs_pct_change,0.4,exact_target_label_permutation
aggregate_stock_max_abs_pct_change,0.5,exact_target_label_permutation
aggregate_stock_max_abs_pct_change,0.15,exact_target_label_permutation
aggregate_stock_max_abs_pct_change,0.45,exact_target_label_permutation
aggregate_stock_max_abs_pct_change,0.2,exact_target_label_permutation
aggregate_stock_max_abs_pct_change,0.7,exact_target_label_permutation
aggregate_stock_max_abs_pct_change,1.0,exact_target_label_permutation
aggregate_stock_max_abs_pct_change,0.65,exact_target_label_permutation
aggregate_stock_max_abs_pct_change,0.75,exact_target_label_permutation
aggregate_stock_max_abs_pct_change,0.75,exact_target_label_permutation
aggregate_stock_max_abs_pct_change,0.4,exact_target_label_permutation
aggregate_stock_max_abs_pct_change,0.5,exact_target_label_permutation
aggregate_stock_max_abs_pct_change,0.7,exact_target_label_permutation
aggregate_stock_max_abs_pct_change,0.8,exact_target_label_permutation
aggregate_stock_max_abs_pct_change,0.45,exact_target_label_permutation
aggregate_stock_max_abs_pct_change,0.85,exact_target_label_permutation
aggregate_stock_max_abs_pct_change,0.5,exact_target_label_permutation
aggregate_stock_max_abs_pct_change,0.6,exact_target_label_permutation
aggregate_stock_max_abs_pct_change,0.8,exact_target_label_permutation
aggregate_stock_max_abs_pct_change,0.9,exact_target_label_permutation
aggregate_stock_max_abs_pct_change,0.55,exact_target_label_permutation
aggregate_stock_max_abs_pct_change,0.55,exact_target_label_permutation
aggregate_stock_max_abs_pct_change,0.65,exact_target_label_permutation
aggregate_stock_max_abs_pct_change,0.3,exact_target_label_permutation
aggregate_stock_max_abs_pct_change,0.6,exact_target_label_permutation
aggregate_stock_max_abs_pct_change,0.8,exact_target_label_permutation
aggregate_stock_max_abs_pct_change,0.45,exact_target_label_permutation
aggregate_stock_max_abs_pct_change,0.55,exact_target_label_permutation
aggregate_stock_max_abs_pct_change,0.75,exact_target_label_permutation
aggregate_stock_max_abs_pct_change,0.85,exact_target_label_permutation
aggregate_stock_max_abs_pct_change,0.5,exact_target_label_permutation
aggregate_stock_max_abs_pct_change,0.5,exact_target_label_permutation
aggregate_stock_max_abs_pct_change,0.6,exact_target_label_permutation
aggregate_stock_max_abs_pct_change,0.25,exact_target_label_permutation
aggregate_stock_max_abs_pct_change,0.55,exact_target_label_permutation
aggregate_stock_max_abs_pct_change,0.6,exact_target_label_permutation
aggregate_stock_max_abs_pct_change,0.7,exact_target_label_permutation
aggregate_stock_max_abs_pct_change,0.35,exact_target_label_permutation
aggregate_stock_max_abs_pct_change,0.65,exact_target_label_permutation
aggregate_stock_max_abs_pct_change,0.4,exact_target_label_permutation
aggregate_stock_max_abs_pct_change,0.9,exact_target_label_permutation
aggregate_stock_max_abs_pct_change,0.55,exact_target_label_permutation
aggregate_stock_max_abs_pct_change,0.65,exact_target_label_permutation
aggregate_stock_max_abs_pct_change,0.85,exact_target_label_permutation
aggregate_stock_max_abs_pct_change,0.95,exact_target_label_permutation
aggregate_stock_max_abs_pct_change,0.6,exact_target_label_permutation
aggregate_stock_max_abs_pct_change,0.6,exact_target_label_permutation
aggregate_stock_max_abs_pct_change,0.7,exact_target_label_permutation
aggregate_stock_max_abs_pct_change,0.35,exact_target_label_permutation
aggregate_stock_max_abs_pct_change,0.65,exact_target_label_permutation
aggregate_stock_max_abs_pct_change,0.7,exact_target_label_permutation
aggregate_stock_max_abs_pct_change,0.8,exact_target_label_permutation
aggregate_stock_max_abs_pct_change,0.45,exact_target_label_permutation
aggregate_stock_max_abs_pct_change,0.75,exact_target_label_permutation
aggregate_stock_max_abs_pct_change,0.5,exact_target_label_permutation
aggregate_stock_max_abs_pct_change,0.65,exact_target_label_permutation
aggregate_stock_max_abs_pct_change,0.75,exact_target_label_permutation
aggregate_stock_max_abs_pct_change,0.4,exact_target_label_permutation
aggregate_stock_max_abs_pct_change,0.7,exact_target_label_permutation
aggregate_stock_max_abs_pct_change,0.45,exact_target_label_permutation
aggregate_stock_max_abs_pct_change,0.55,exact_target_label_permutation
